profil,morfologia
Badanie przesiewowe papugi,0
Badanie podstawowe,1
Badanie podstawowe fruktozamina,1
Badanie przesiewowe,1
Badanie przesiewowe duże,1
Geriatria podstawowa,1
Geriatria rozszerzona,1
Profil biochemiczny,0
Profil fretka,0
Profil kawia domowa królik,1
Profil nerkowy,0
Profil padaczkowy (kot),0
Profil padaczkowy (pies),0
Profil sercowy,0
Profil wątrobowy,0
Profil wątrobowy rozszerzony,0
Profil przedoperacyjny kontrol,1
Badanie przesiewowe duże papugi,0
Gady - profil podstawowy,0
Gady - profil rozszerzony,0
Polidypsja poliuria,1
Profil jeż,1
Profil przedoperacyjny pełny,1
Profil przedoperacyjny podstawowy,1
Profil przedoperacyjny rozszerzony,1
Profil szczur,1
Profil trzustkowy,1
Profil FIP,1
Wczesna diagnostyka niewydolności nerek,0
Jonogram,0
Jonogram rozszerzony,0
Profil niedoborowy (pies; kot),0
Profil BARF,0
Profil zatrucia (pies; kot),0
Profil koagulologiczny,0